"sample","K","logLik","npar","BIC","sure","class","n","share","cat0","cat1","cat2","cat3","cat4","ends","middle","mean_sum","sd_sum","alpha","median_rt","all_same","minutes","date_run","mirt"
"slower",1,-34629.7680903445,57,69692.7876208829,1,1,2000,1,0.248964285714286,0.381321428571429,0.195964285714286,0.122178571428571,0.0515714285714286,0.300535714285714,0.195964285714286,18.845,8.40715856622074,0.850276436722989,3.77,0.006,11.6,"2026-09-28","1.46.1"
"slower",2,-32021.0313722657,115,64916.1665273786,0.926,1,503,0.2515,0.594859414938938,0.18389662027833,0.0549559784152229,0.0518318659471741,0.114456120420335,0.709315535359273,0.0549559784152229,12.6998011928429,8.03300834482118,0.727901335066812,2.975,0.0178926441351889,11.6,"2026-09-28","1.46.1"
"slower",2,-32021.0313722657,115,64916.1665273786,0.926,2,1497,0.7485,0.132741673823838,0.447657219200305,0.243343830518179,0.145815440404619,0.0304418360530585,0.163183509876897,0.243343830518179,20.9098196392786,7.47181985950563,0.857652425878221,4.015,0.00200400801603206,11.6,"2026-09-28","1.46.1"
"slower",3,-31176.9410823398,173,63668.8382901805,0.778,1,430,0.215,0.620764119601329,0.155813953488372,0.0519933554817276,0.0471760797342193,0.124252491694352,0.745016611295681,0.0519933554817276,12.5767441860465,8.24267244579243,0.734126628441534,2.835,0.0209302325581395,11.6,"2026-09-28","1.46.1"
"slower",3,-31176.9410823398,173,63668.8382901805,0.778,2,672,0.336,0.0803571428571429,0.323554421768707,0.327487244897959,0.232780612244898,0.0358205782312925,0.116177721088435,0.327487244897959,25.4821428571429,5.74155061364175,0.771461401925563,3.9825,0.00148809523809524,11.6,"2026-09-28","1.46.1"
"slower",3,-31176.9410823398,173,63668.8382901805,0.778,3,898,0.449,0.197104677060134,0.532532612153993,0.166481069042316,0.07532612153993,0.0285555202036271,0.225660197263761,0.166481069042316,16.8797327394209,6.68256280452398,0.849493826201301,3.9875,0.0022271714922049,11.6,"2026-09-28","1.46.1"
"everyone",1,-36855.1012696785,57,74143.4539795509,1,1,2000,1,0.275928571428571,0.334321428571429,0.17,0.118714285714286,0.101035714285714,0.376964285714286,0.17,20.0845,8.38680684256572,0.794320705386947,3.3875,0.0045,11.6,"2026-09-28","1.46.1"
"everyone",2,-31616.0393885,115,64106.1825598474,0.9545,1,509,0.2545,0.570867246702217,0.0726915520628684,0.0272242492281785,0.0405557114790907,0.288661240527645,0.859528487229863,0.0272242492281785,19.6483300589391,9.98503319743299,0.792800965299821,1.065,0.0137524557956778,11.6,"2026-09-28","1.46.1"
"everyone",2,-31616.0393885,115,64106.1825598474,0.9545,2,1491,0.7455,0.175241927757018,0.423637060457986,0.218741017533774,0.145396186643672,0.0369838076075501,0.212225735364568,0.218741017533774,20.2334004024145,7.76451991886445,0.844587302114211,3.835,0.00134138162307176,11.6,"2026-09-28","1.46.1"
"everyone",3,-30244.8288296008,173,61804.6137847024,0.9,1,1209,0.6045,0.11166253101737,0.442219071251329,0.250856670211509,0.164067115680019,0.0311946118397731,0.142857142857143,0.250856670211509,21.8527708850289,6.99513745595902,0.829200633237758,3.86,0.00165425971877585,11.6,"2026-09-28","1.46.1"
"everyone",3,-30244.8288296008,173,61804.6137847024,0.9,2,271,0.1355,0.4694254085398,0.0374275171323142,0.00948866631523458,0.0455983131259884,0.438060094886663,0.907485503426463,0.00948866631523458,27.2361623616236,2.23845648610996,0.228419358249815,0.535,0,11.6,"2026-09-28","1.46.1"
"everyone",3,-30244.8288296008,173,61804.6137847024,0.9,3,520,0.26,0.557005494505495,0.238186813186813,0.0656593406593407,0.0513736263736264,0.0877747252747253,0.64478021978022,0.0656593406593407,12.2461538461538,7.6727996296921,0.758379112441111,3.13,0.0134615384615385,11.6,"2026-09-28","1.46.1"
